 {"temperature(C)": 28.5391897209,"humidity(%)": 47.9205671061,"pH Level":6.27561801633,"sunlight(lux)":30140.194143,"soil_moisture(%)":72.7194324282}