{"temperature(C)": 30.1552117673,"humidity(%)": 55.1911527127,"pH Level":5.18132940215,"sunlight(lux)":47121.1829369,"soil_moisture(%)":100.981611921,"HasWeed":1}